Temperature;1;2;3;4;5;6;7;8
79,99;89,38094069;89,39688848;89,5466198;89,48290333;89,52128129;89,65153958;89,460983;89,53416917
80;89,34051522;89,356555;89,50709923;89,44295443;89,48071386;89,61169125;89,42058177;89,4932744
80,01;89,3001022;89,31622151;89,46760419;89,40285686;89,43991114;89,57178472;89,38016585;89,45234839
80,02;89,25961447;89,27588803;89,42813469;89,36270523;89,39894233;89,53167451;89,33950016;89,41139115
80,03;89,21905204;89,23555454;89,38869072;89,32249953;89,35780742;89,49136061;89,29858472;89,37040267
80,04;89,17843358;89,19510923;89,34894669;89,28175325;89,31597356;89,45077028;89,25719915;89,32911739
80,05;89,1379085;89,15464526;89,3091452;89,24047992;89,27382829;89,41020178;89,21565933;89,28811327
80,06;89,09706594;89,11401355;89,26924794;89,19908497;89,23195292;89,36952416;89,17411951;89,24724972
80,07;89,05571915;89,07309607;89,22891015;89,15750081;89,19002909;89,32864286;89,13244011;89,20596442
80,08;89,01449686;89,03205433;89,18852128;89,11602477;89,14818832;89,28796526;89,09070194;89,16456977
80,09;88,97339907;88,99088834;89,14808133;89,07465685;89,1064306;89,24749133;89,04890499;89,12306579
80,1;88,93281796;88,94977205;89,10812661;89,03374841;89,06484589;89,20722837;89,00723291;89,08161649
80,11;88,89246717;88,90882971;89,06833789;88,99317782;89,02350339;89,16726363;88,96599423;89,04029996
80,12;88,85185493;88,8679495;89,02817886;88,95263427;88,98225777;89,12722615;88,9248437;88,99898343
80,13;88,81098124;88,82713141;88,98764953;88,91211775;88,94110903;89,08711592;88,88378133;88,95766689
80,14;88,7695971;88,78599647;88,94669881;88,87108768;88,89925441;89,04593639;88,84208723;88,91570212
80,15;88,7281756;88,74463787;88,90576724;88,82991571;88,85704687;89,00451681;88,80021685;88,87357332
80,16;88,68692218;88,70327927;88,8649889;88,78876401;88,81498466;88,96381738;88,75867703;88,83179596
80,17;88,64570612;88,6620325;88,82428718;88,74747041;88,77317157;88,92331434;88,71733553;88,79013575
80,18;88,60462077;88,62095347;88,78375784;88,70626466;88,73169064;88,88263674;88,67603809;88,74855366
80,19;88,56344828;88,57991172;88,74317742;88,66476159;88,69001595;88,84158088;88,63456437;88,70686222
80,2;88,52218863;88,53890726;88,70254592;88,62296119;88,6481475;88,80014677;88,59291435;88,66506144
80,21;88,48087918;88,49786554;88,66185059;88,58132296;88,60633441;88,75868354;88,55132311;88,62330751
80,22;88,43947013;88,45651316;88,62101478;88,54004961;88,56449365;88,71739489;88,5098347;88,58145985
80,23;88,39796147;88,41485014;88,58003852;88,49914115;88,52262521;88,67628081;88,46844912;88,53951848
80,24;88,3562225;88,37293238;88,5389154;88,45788808;88,4804592;88,63483939;88,42653465;88,49715537
80,25;88,31467029;88,33127555;88,49817537;88,41655393;88,43856307;88,59309245;88,38404725;88,45479225
80,26;88,27315542;88,28974919;88,45783756;88,37521979;88,39656314;88,55143283;88,34131743;88,41235884
80,27;88,23154717;88,24826012;88,41765298;88,33386536;88,35458396;88,51020967;88,29896222;88,37001915
80,28;88,19018792;88,20704441;88,37749394;88,29271365;88,31315842;88,46935751;88,25725344;88,32820276
80,29;88,14886602;88,16586598;88,33720722;88,25154843;88,27178824;88,4283744;88,21541243;88,28632388
80,3;88,10758147;88,12472483;88,29679281;88,2103697;88,23047343;88,38726035;88,1734392;88,24438252
80,31;88,06622222;88,0833973;88,25644224;88,16916393;88,1890202;88,34607354;88,13130438;88,2023943
80,32;88,02477582;88,04184611;88,21600228;88,12770139;88,1473732;88,30494494;88,0892577;88,16056228
80,33;87,98324226;88,00007125;88,17547294;88,08598209;88,10553242;88,26387452;88,04729918;88,11888648
80,34;87,9414846;87,95819076;88,13454137;88,04393843;88,06353246;88,22267317;88,00529659;88,07680454
80,35;87,89967093;87,91636619;88,09341826;88,00199614;88,02151176;88,18149364;87,96322788;88,03430083
80,36;87,85796309;87,8745789;88,0523143;87,96014168;87,97931112;88,14043776;87,92119589;87,99179713
80,37;87,81620545;87,83271706;88,0111848;87,91812504;87,93686135;88,09922185;87,87928144;87,94926218
80,38;87,77439801;87,79078066;87,97002977;87,87594621;87,89416245;88,0578459;87,83748452;87,90669601
80,39;87,73237892;87,74860196;87,92873427;87,83355792;87,8513113;88,01607715;87,79530562;87,86400487
80,4;87,69034116;87,70623687;87,88738131;87,79112908;87,80862623;87,97406835;87,75255377;87,821384
80,41;87,64843412;87,66392771;87,84616243;87,74884215;87,76632869;87,93227052;87,70965501;87,77883343
80,42;87,60641502;87,62155644;87,80484139;87,70652819;87,7239758;87,89064726;87,66685909;87,73615791
80,43;87,56428386;87,57912304;87,7634182;87,66418721;87,68156756;87,84919859;87,62416602;87,69335743
80,44;87,52174185;87,53653433;87,72164386;87,62161648;87,63863336;87,80705888;87,58128195;87,65024454
80,45;87,47897575;87,49402018;87,68002277;87,57904576;87,59549155;87,76443908;87,53826565;87,60692075
80,46;87,43620966;87,45141282;87,63836337;87,53651558;87,55239126;87,72197202;87,49544768;87,56336265
80,47;87,39336887;87,40854451;87,59625066;87,49382323;87,50923563;87,67943222;87,45254891;87,51959367
80,48;87,35057788;87,36547739;87,55418902;87,45102277;87,4661215;87,63699427;87,40944446;87,4759809
80,49;87,30783667;87,32221146;87,51217845;87,40811418;87,4230489;87,59465816;87,36613431;87,43252432
80,5;87,26516395;87,27889584;87,47019341;87,36499613;87,38001089;87,55232205;87,32287559;87,38915365
80,51;87,2225597;87,2358163;87,42801684;87,32174967;87,33689675;87,50975316;87,27974174;87,34563459
80,52;87,17996792;87,19277404;87,38572535;87,27855727;87,29375494;87,46714062;87,23653442;87,30195935
80,53;87,13738859;87,14976906;87,34331894;87,23541892;87,25058546;87,42448443;87,19325364;87,25812791
80,54;87,09449178;87,10658391;87,30095084;87,19215894;87,20723604;87,38164639;87,14968637;87,21435894
80,55;87,05161365;87,0635665;87,25894667;87,1491017;87,16382433;87,33878652;87,10596486;87,17068369
80,56;87,00903431;87,02082246;87,21716596;87,10634179;87,120641;87,29599938;87,06237557;87,12694595
80,57;86,96633047;86,97799144;87,17519371;87,06339267;87,07723621;87,25296493;87,01884506;87,08311449
80,58;86,92350212;86,93507343;87,13302991;87,02025435;87,03360997;87,20968316;86,97537331;87,03918931
80,59;86,88028781;86,89186963;87,09050858;86,97671057;86,98947161;87,16595039;86,93154163;86,99506887
80,6;86,83673734;86,84857264;87,04768079;86,93278162;86,94527097;87,12178114;86,88740143;86,9509953
80,61;86,79311218;86,8052943;87,00471253;86,88872429;86,90114645;87,07768464;86,84345957;86,90703887
80,62;86,74947456;86,76192897;86,96171874;86,84477508;86,85680047;87,03379182;86,79954708;86,86278566
80,63;86,7058245;86,71847666;86,91869942;86,80093399;86,81223304;86,99010268;86,75566397;86,81823566
80,64;86,66203125;86,67478826;86,87541195;86,75696451;86,76745108;86,94632625;86,71147968;86,77338886
80,65;86,61853682;86,63128625;86,83187548;86,71277203;86,72275216;86,90252799;86,66727335;86,72861235
80,66;86,57543456;86,58816942;86,78846032;86,66857955;86,67819858;86,858737;86,62328741;86,68409357
80,67;86,53212065;86,54485378;86,74499409;86,62433303;86,63353428;86,81477144;86,57933086;86,6394186
80,68;86,48859509;86,50133935;86,70147678;86,58003245;86,58875926;86,77063131;86,53540369;86,59458743
80,69;86,44478318;86,45733411;86,65761468;86,53569809;86,54381124;86,72626568;86,49113128;86,54910799
80,7;86,40095259;86,4131425;86,61363766;86,49134347;86,49884244;86,68196551;86,4467046;86,5033708
80,71;86,35706599;86,36925531;86,56989049;86,44702939;86,4540674;86,63801452;86,40235138;86,45782107
80,72;86,31310469;86,32543023;86,52630932;86,40289099;86,40938925;86,59409262;86,35774839;86,41230259
80,73;86,26906869;86,28166727;86,48289415;86,35892829;86,36480799;86,55019981;86,31289564;86,36681535
80,74;86,22480859;86,23734516;86,43935767;86,31487773;86,319943;86,50561594;86,26754338;86,32112505
80,75;86,18015629;86,19281803;86,39578289;86,27052309;86,2748704;86,46053014;86,22210299;86,27557534
80,76;86,13552267;86,14852077;86,3522911;86,22595222;86,22968016;86,41567711;86,17694175;86,23027557
80,77;86,09124387;86,1043602;86,30869078;86,18136784;86,1846214;86,37125326;86,13199351;86,18499142
80,78;86,0473199;86,06033633;86,26498192;86,13676994;86,13969412;86,3272586;86,0872583;86,13972288
80,79;86,00296017;86,01609501;86,22111983;86,09208419;86,09452464;86,28284203;86,04226598;86,09423566
80,8;85,95816468;85,97163624;86,17710451;86,0473106;86,04911296;86,23800357;85,99701656;86,04852973
80,81;85,9134937;85,92714019;86,13305087;86,00234781;86,00334141;86,19304872;85,95169368;86,00291753
80,82;85,86897213;85,88254474;86,08880571;85,95734446;85,95741762;86,14810841;85,90644427;85,95721159
80,83;85,82459997;85,83784988;86,04436901;85,91230057;85,91134157;86,10318265;85,86126833;85,91141193
80,84;85,77989166;85,7928568;85,99939602;85,86670936;85,86508559;86,05803139;85,81571776;85,8651827
80,85;85,73482851;85,74767732;85,95421233;85,82105732;85,81918255;86,01272739;85,77001292;85,81878946
80,86;85,68968444;85,70246058;85,90917548;85,77587828;85,77382622;85,96749613;85,72463129;85,77242747
80,87;85,64487028;85,65735567;85,86432378;85,73076681;85,7284353;85,92246854;85,67941861;85,72623732
80,88;85,60038605;85,61236259;85,81965723;85,68572292;85,68300977;85,87764463;85,6343749;85,68021899
80,89;85,55553454;85,56717069;85,77463953;85,64021954;85,63707906;85,83236971;85,58898593;85,63405226
80,9;85,51031575;85,52177997;85,72927066;85,59425666;85,59064315;85,78664377;85,54325172;85,58773713
80,91;85,46473591;85,47643895;85,68369749;85,54802349;85,54412419;85,74077235;85,49750282;85,54131263
80,92;85,41908139;85,43102338;85,63823924;85,50164168;85,49745299;85,69466816;85,45143072;85,4947007
80,93;85,37335218;85,38553327;85,59289591;85,45511121;85,45062953;85,6483312;85,40503541;85,44790131
80,94;85,3276541;85,33955235;85,5472525;85,40836449;85,40337701;85,60141231;85,35803041;85,4005474
80,95;85,28223613;85,2934596;85,5013601;85,36194212;85,35649819;85,55490804;85,31113559;85,35328722
80,96;85,23690531;85,24757188;85,45573585;85,315763;85,30996537;85,50922575;85,26462274;85,30645659
80,97;85,1914562;85,20166552;85,41024567;85,26966498;85,26328031;85,46340527;85,21798502;85,25954007
80,98;85,14588881;85,15574052;85,36488958;85,22364804;85,21644301;85,41744659;85,17122243;85,21253765
80,99;85,10004129;85,10959186;85,31915042;85,17746216;85,16939809;85,37113873;85,12426149;85,16512908
81;85,05391365;85,06321953;85,27302819;85,13110735;85,12214557;85,32448171;85,07710221;85,11731437
81,01;85,00767397;85,0168472;85,22686765;85,08486067;85,07494842;85,27781012;85,03004576;85,06956215
81,02;84,9612849;84,97054942;85,18068158;85,03826262;85,02755748;85,23077482;84,98285709;85,0217162
81,03;84,91474643;84,92432618;85,13446996;84,9913132;84,97997277;85,18337581;84,9355362;84,97377654
81,04;84,86796518;84,87769291;85,08792634;84,94337047;84,9317237;85,13573675;84,88778193;84,92553227
81,05;84,82107188;84,8305937;85,04105711;84,89514393;84,88308015;85,08835957;84,84022598;84,87731144
81,06;84,77414745;84,78346342;84,9940538;84,84724849;84,83447121;85,04113515;84,79308139;84,82919994
81,07;84,7273413;84,73643254;84,94689726;84,79960307;84,78627059;84,99367067;84,74601762;84,78126809
81,08;84,68065343;84,68950105;84,89958749;84,75220769;84,73847828;84,94596613;84,69903466;84,73351587
81,09;84,63366052;84,64214711;84,85215641;84,70454876;84,69017387;84,89802154;84,65169177;84,68556839
81,1;84,58636259;84,5943707;84,80460403;84,6566263;84,64135734;84,8498369;84,60398893;84,63742564
81,11;84,53885299;84,54653217;84,75694948;84,60864976;84,59241624;84,80163772;84,55618326;84,58887674
81,12;84,4912438;84,49885517;84,70900126;84,56063268;84,54354434;84,75336579;84,50830412;84,53990609
81,13;84,443535;84,4513397;84,66075934;84,51257506;84,49474164;84,70502112;84,46035151;84,49051367
81,14;84,39537179;84,40360678;84,61220459;84,46418633;84,44574517;84,65618181;84,4118039;84,44081666
81,15;84,34689109;84,35553838;84,56364984;84,41553407;84,39652032;84,60703698;84,36279351;84,39137741
81,16;84,2985847;84,30735193;84,51510147;84,36686829;84,34712246;84,55795035;84,31373905;84,34201627
81,17;84,25029075;84,25906607;84,46634879;84,31820251;84,29771077;84,50882009;84,26453766;84,29231147
81,18;84,20200925;84,21068079;84,41739181;84,26953673;84,24828523;84,45964618;84,21518936;84,24226301
81,19;84,1533418;84,16199731;84,3683199;84,22045877;84,19856213;84,40980305;84,16507711;84,19176936
81,2;84,10445024;84,11318336;84,31924799;84,17101593;84,14844457;84,35952347;84,11470041;84,14092427
81,21;84,05568318;84,06453717;84,27013778;84,12160687;84,09839621;84,30947665;84,06480853;84,09011041
81,22;84,00689123;84,01581641;84,22079772;84,07204914;84,04819561;84,2592116;84,01497541;84,03932777
81,23;83,95807438;83,9670211;84,17122783;84,02234275;83,99784275;84,20872832;83,96520106;83,98857636
81,24;83,90892138;83,91783437;84,12115993;83,9723931;83,94708158;84,15742306;83,91497862;83,93749692
81,25;83,85973102;83,86834943;84,07084302;83,92240291;83,89638271;84,10616143;83,86460194;83,88627689
81,26;83,81071496;83,81877129;84,02068572;83,87249381;83,84589144;84,05563449;83,81454847;83,83529118
81,27;83,76164909;83,76926771;83,97087957;83,82262524;83,79535865;84,0052094;83,76448765;83,78456321
81,28;83,71253342;83,71983869;83,92142457;83,7727972;83,74478432;83,95488615;83,71441947;83,73409297
81,29;83,66297578;83,67003068;83,87136942;83,72269212;83,69361483;83,90390821;83,66421174;83,68327909
81,3;83,61297617;83,6198437;83,82071412;83,67230999;83,64185019;83,8522756;83,61386444;83,63212156
81,31;83,56292676;83,56990521;83,76988006;83,62171163;83,59000251;83,80035202;83,56354652;83,58069849
81,32;83,51282754;83,51992945;83,71908431;83,57081596;83,53818251;83,74837025;83,51318454;83,52924417
81,33;83,46267852;83,46991642;83,66832687;83,51962299;83,48639018;83,69633028;83,4627785;83,47775861
81,34;83,41193811;83,41940635;83,61712889;83,46813269;83,43436256;83,6439557;83,41191702;83,42602311
81,35;83,36093626;83,36861672;83,56533714;83,41652075;83,38225192;83,59138472;83,36081312;83,373819
81,36;83,31022698;83,31780846;83,51327724;83,36494933;83,33022431;83,5389374;83,3098488;83,32136497
81,37;83,25953016;83,26687593;83,46108964;83,31332386;83,2779891;83,48651917;83,25873755;83,26881721
81,38;83,2088458;83,21581915;83,40877436;83,26164432;83,22554627;83,43413004;83,20747939;83,21617572
81,39;83,15763854;83,1642467;83,35629308;83,20942421;83,17258439;83,38151539;83,15575844;83,16340927
81,4;83,10616983;83,11235739;83,30381181;83,15687977;83,11939415;83,32887892;83,10399341;83,11061939
81,41;83,05482562;83,06057993;83,25149653;83,10445696;83,06641152;83,27627156;83,05230918;83,05785295
81,42;83,00334445;83,00880248;83,19918124;83,05189902;83,0134981;83,22318411;83,0001989;83,00503964
81,43;82,95172631;82,95702503;83,14686596;82,99920594;82,96065389;83,16961655;82,94766257;82,95217946
81,44;82,89969733;82,90476298;83,09400161;82,94629662;82,90758823;83,11543067;82,89457531;82,89889752
81,45;82,84738823;82,85216544;83,04083079;82,89340756;82,85429419;83,06091744;82,84126769;82,84519383
81,46;82,79503555;82,79980398;82,9879409;82,84063339;82,80096555;83,00636057;82,78820248;82,79156826
81,47;82,74254592;82,74747979;82,93496162;82,78775109;82,74754003;82,95173095;82,73513728;82,73783333
81,48;82,68991933;82,69519289;82,88189295;82,73476069;82,69401761;82,89702859;82,68207208;82,68398906
81,49;82,63690056;82,64244623;82,8281092;82,68140538;82,64020453;82,84192614;82,62823558;82,62918412
81,5;82,58356432;82,58953182;82,77390407;82,6276649;82,58616307;82,78647454;82,57400242;82,57391058
81,51;82,53035258;82,53679758;82,71971172;82,57382306;82,53205933;82,73101567;82,52020265;82,51909785
81,52;82,47730269;82,48375271;82,66518738;82,51981905;82,47767879;82,67526582;82,46660855;82,46430074
81,53;82,42441465;82,4303972;82,61033105;82,46565286;82,42302143;82,619225;82,41322013;82,40951925
81,54;82,37117178;82,37623403;82,55507248;82,41087851;82,36767203;82,56239856;82,35927345;82,35445658
81,55;82,31772349;82,32188448;82,49969898;82,35575954;82,31201121;82,50550665;82,30501826;82,29934704
81,56;82,26441216;82,26783313;82,44422971;82,30049869;82,25623275;82,44905847;82,2508659;82,2441594
81,57;82,21082692;82,21364511;82,38854336;82,24500808;82,20024668;82,39231933;82,19644911;82,18878431
81,58;82,15696777;82,1593204;82,33263993;82,18928773;82,144053;82,33528923;82,14176787;82,13322176
81,59;82,1026044;82,1047658;82,2760789;82,13333764;82,08762403;82,27752443;82,08674139;82,07708126
81,6;82,04825971;82,05017392;82,21896242;82,07696183;82,03084211;82,21951958;82,03153861;82,020519
81,61;81,99411422;81,99558826;82,16183315;82,02036304;81,97402557;82,16154382;81,97635786;81,96405047
81,62;81,93960768;81,94082864;82,1045762;81,96364262;81,91729207;82,10329165;81,92101549;81,90736324
81,63;81,88474007;81,88589506;82,04719154;81,90680056;81,86064161;82,04476306;81,8655115;81,85045731
81,64;81,82914412;81,8304272;81,98932804;81,84955308;81,80388043;81,98573255;81,80929499;81,79314526
81,65;81,7733054;81,77462385;81,93133045;81,79240695;81,7470362;81,92644014;81,75281405;81,73576293
81,66;81,71771569;81,71878324;81,87339672;81,73553787;81,69015045;81,86718411;81,69651675;81,67838841
81,67;81,66210108;81,66275623;81,8151693;81,678412;81,63302941;81,80773894;81,63992562;81,62082644
81,68;81,60646157;81,60654283;81,75664819;81,62102936;81,57567307;81,74810464;81,58304066;81,56307702
81,69;81,55024937;81,54982618;81,69776955;81,56321425;81,51791534;81,68800479;81,52583248;81,5052495
81,7;81,49353295;81,49275541;81,63868023;81,50519643;81,46009533;81,62768673;81,46873449;81,44735168
81,71;81,4368601;81,43583376;81,57930361;81,44728673;81,40242065;81,56725227;81,41187891;81,38913364
81,72;81,3802246;81,3788127;81,51949284;81,38929594;81,34446917;81,50639592;81,35493518;81,33055633
81,73;81,32362644;81,32169223;81,45924792;81,33122406;81,28624087;81,44511765;81,29790329;81,27161975
81,74;81,26653649;81,26395049;81,39864545;81,27249672;81,22713369;81,38320652;81,24018825;81,21245667
81,75;81,20884893;81,20600372;81,33810043;81,21318151;81,16742444;81,32101168;81,18207656;81,15343418
81,76;81,1508937;81,14826197;81,27765119;81,15381226;81,10783975;81,25872955;81,12397221;81,09445072
81,77;81,09286377;81,09040839;81,21678056;81,09447003;81,04840731;81,19595277;81,06560342;81,03517047
81,78;81,03475915;81,03244298;81,15548855;81,03515482;80,98912713;81,13268135;81,00697019;80,97559342
81,79;80,97658605;80,97404888;81,09366024;80,97535309;80,9292933;81,06878433;80,9479109;80,91570397
81,8;80,91841295;80,91537521;81,03171699;80,91508512;80,86887814;81,00484367;80,88865329;80,85586138
81,81;80,86018383;80,85665183;80,96963329;80,85489147;80,80850451;80,94106303;80,82960871;80,79612815
81,82;80,8017306;80,79765509;80,90706436;80,7944951;80,74790943;80,87710782;80,77047598;80,73603563
81,83;80,74305326;80,73838499;80,84401022;80,733896;80,68709291;80,81297804;80,71125511;80,67558384
81,84;80,68390904;80,6786303;80,78020908;80,67233061;80,62566046;80,74829543;80,65138047;80,61463999
81,85;80,62439131;80,61887561;80,7159674;80,61044089;80,56408268;80,68293632;80,59115322;80,55341497
81,86;80,56495451;80,5594564;80,65168742;80,54912553;80,50269868;80,61719168;80,53097739;80,49197907
81,87;80,5055177;80,49993779;80,58717759;80,48776963;80,44107939;80,5511706;80,47063994;80,43024637
81,88;80,4460809;80,44031977;80,52243791;80,42637319;80,37922481;80,48487311;80,41014089;80,36821688
81,89;80,38613365;80,38009911;80,45702785;80,36409829;80,31681659;80,41803005;80,34905418;80,3058906
81,9;80,32575688;80,31956159;80,39104317;80,30123552;80,25424228;80,35070689;80,28754879;80,24321286
81,91;80,26534899;80,25907376;80,32493719;80,23836599;80,19173718;80,28320188;80,22613888;80,18035549
81,92;80,20481659;80,19827529;80,25869075;80,17528022;80,12891374;80,21528951;80,16456736;80,11752937
81,93;80,1441597;80,13716619;80,19230386;80,11197822;80,06577196;80,14696978;80,10283424;80,0547345
81,94;80,08297991;80,07536125;80,12516996;80,04800049;80,00203504;80,07776985;80,04038124;79,99158816
81,95;80,02163202;80,01323946;80,05730821;79,98363759;79,93796593;80,00811163;79,97772991;79,92797318
81,96;79,96046466;79,95122329;79,98945285;79,91945715;79,87399371;79,93842432;79,91540914;79,86425666
81,97;79,89898605;79,8890953;79,92159748;79,85520914;79,81006302;79,8683442;79,85300022;79,80061826
81,98;79,83719619;79,82685549;79,85374212;79,79089357;79,74617385;79,79787128;79,79050316;79,73705796
81,99;79,77487719;79,76410002;79,78511421;79,72608472;79,68166876;79,72672913;79,72725685;79,67309153
82;79,71242747;79,70102769;79,71562439;79,66119477;79,61683147;79,65554332;79,66387833;79,60882048
82,01;79,65012714;79,63795535;79,64580257;79,59635212;79,55212566;79,58456119;79,60086709;79,54458849
82,02;79,58762761;79,5745848;79,57568705;79,53115808;79,48708767;79,51311351;79,53747386;79,48001285
82,03;79,52492888;79,51091603;79,50527784;79,46561268;79,4217175;79,44120029;79,47369865;79,41509357
82,04;79,46154539;79,44687449;79,43412164;79,39966859;79,35563454;79,36813774;79,40932845;79,34944014
82,05;79,39778842;79,38277706;79,36248661;79,33342043;79,28909483;79,2945296;79,34487009;79,2834118
82,06;79,3340688;79,3187231;79,29094097;79,26698305;79,22265892;79,22111787;79,28062475;79,21772712
82,07;79,27017489;79,25450762;79,2190761;79,20023485;79,15618149;79,14721149;79,21611496;79,15201118
82,08;79,20610667;79,19013061;79,14689199;79,13317582;79,08966254;79,07281046;79,15134071;79,086264
82,09;79,14143463;79,12510125;79,07351397;79,06522484;79,02227162;78,99726011;79,08575845;79,01946243
82,1;79,07642642;79,05981095;78,99938895;78,99664545;78,95446548;78,92114237;79,01962526;78,95184079
82,11;79,01154894;78,99491205;78,92520008;78,9280593;78,88706074;78,84499552;78,95348472;78,88428163
82,12;78,94641;78,92977707;78,85052599;78,85940557;78,81954527;78,76845586;78,88716789;78,81670684
82,13;78,8810096;78,86440601;78,77536667;78,79068426;78,75191907;78,69152339;78,82067476;78,74911642
82,14;78,81478751;78,79818381;78,69915389;78,72171967;78,68378076;78,61346342;78,75370416;78,68097929
82,15;78,74828529;78,73157019;78,62236651;78,65251182;78,61539329;78,53455237;78,68666747;78,61251413
82,16;78,68212544;78,66495658;78,54548335;78,58315532;78,54688126;78,45558312;78,61964546;78,5440802
82,17;78,61575394;78,59808202;78,46817882;78,51348799;78,47807858;78,3762356;78,55225618;78,47545882
82,18;78,54917079;78,53094653;78,3904529;78,44350984;78,40898525;78,29650981;78,48449961;78,40664999
82,19;78,48184685;78,46323326;78,31188421;78,3728019;78,3395805;78,21576563;78,41609662;78,33741161
82,2;78,41431749;78,39533361;78,23251106;78,3018507;78,27017575;78,13425766;78,34736306;78,26777491
82,21;78,34694997;78,3276017;78,15286974;78,23115628;78,20084713;78,05232052;78,27871032;78,19791951
82,22;78,27935837;78,25960885;78,07279428;78,16027265;78,13115865;77,96990328;78,21001351;78,12779857
82,23;78,21154268;78,19135506;77,99228467;78,0891998;78,06111029;77,88700593;78,14127263;78,05741207
82,24;78,14306091;78,12244891;77,91059391;78,01764043;77,99066748;77,80344664;78,07231873;77,98653353
82,25;78,07418695;78,05337502;77,82827108;77,94567562;77,92012089;77,7193636;78,00327668;77,91553783
82,26;78,00551218;77,98452479;77,74589717;77,87339998;77,84933899;77,63486594;77,93410975;77,84472959
82,27;77,93680006;77,91532665;77,66288481;77,80071891;77,77812803;77,54966995;77,86435516;77,77360893
82,28;77,86805058;77,84578058;77,57923399;77,7276324;77,706488;77,46377563;77,79401292;77,70217586
82,29;77,79878443;77,77547656;77,49444033;77,65386341;77,63419745;77,37665923;77,72296549;77,63010232
82,3;77,72925684;77,7049116;77,40912952;77,57966871;77,56145016;77,28864809;77,65198415;77,55823965
82,31;77,65983507;77,63459516;77,32366549;77,50548753;77,48864751;77,20048417;77,58148028;77,48674406
82,32;77,59007714;77,56417931;77,23761407;77,43103606;77,41562339;77,11182561;77,51062383;77,41468614
82,33;77,51998306;77,49366406;77,15097526;77,35631429;77,34237781;77,0226724;77,43941479;77,34206589
82,34;77,44899879;77,42231629;77,063366;77,28061948;77,26855092;76,93208616;77,36722144;77,26886767
82,35;77,37764101;77,35063304;76,97485651;77,20439761;77,19455795;76,84056156;77,29480771;77,19538827
82,36;77,30640151;77,27923557;76,88566387;77,12837846;77,12075875;76,74890602;77,22265841;77,12164333
82,37;77,23493792;77,20763928;76,79576894;77,05235931;77,04695954;76,65661035;77,15036221;77,04766407
82,38;77,16325022;77,13584418;76,7051717;76,97634017;76,97316033;76,56367454;77,07791911;76,9734505
82,39;77,090884;77,06319171;76,61361677;76,89953041;76,89885592;76,46931297;77,00495445;76,89886984
82,4;77,01806957;76,98977508;76,52154469;76,82193005;76,82407401;76,37396938;76,93154905;76,82431261
82,41;76,94524892;76,91629011;76,4291853;76,74411346;76,74925059;76,27835664;76,85806285;76,75000531
82,42;76,87224152;76,8426933;76,33599592;76,66587792;76,6740673;76,18220561;76,78429751;76,67543247
82,43;76,79904737;76,76898466;76,24197655;76,58722344;76,59852416;76,08551629;76,71025305;76,6005941
82,44;76,72524317;76,69448699;76,1467058;76,50787972;76,52241354;75,98742302;76,63545933;76,52488878
82,45;76,6511962;76,61956063;76,05053481;76,42813056;76,44592921;75,88815133;76,56046727;76,44850395
82,46;76,57744181;76,54485793;75,95380837;76,34832734;76,36919575;75,78842138;76,48580575;76,37194728
82,47;76,50348821;76,47008068;75,85632854;76,26829437;76,29217163;75,68793491;76,4110267;76,29514068
82,48;76,42933541;76,39522887;75,75809532;76,18803166;76,21485686;75,58669192;76,33613012;76,21808415
82,49;76,35429865;76,31981792;75,65880227;76,10706621;76,13708533;75,48384133;76,26063119;76,14064492
82,5;76,27892573;76,24416467;75,55851323;76,02557369;76,05902316;75,37965954;76,1845593;76,06271363
82,51;76,20370221;76,16857977;75,45749634;75,94391899;75,98078106;75,27499765;76,10817891;75,9843606
82,52;76,12808028;76,09255998;75,35582822;75,86179128;75,90215142;75,16975381;76,03135777;75,90583575
82,53;76,05205994;76,01610529;75,25350887;75,77919055;75,82313423;75,06392804;75,9540959;75,82713908
82,54;75,97519301;75,93894234;75,14992537;75,69573165;75,74366029;74,95645101;75,87626107;75,74796597
82,55;75,8980086;75,861593;75,04500111;75,61198894;75,66433166;74,8475337;75,79844827;75,66818365
82,56;75,82112923;75,78440519;74,93922134;75,52822595;75,58521757;74,73805628;75,72089256;75,58826855
82,57;75,74422496;75,70696886;74,83254772;75,44390887;75,50559137;74,62782233;75,64318993;75,50832221
82,58;75,66729578;75,62928403;74,72498027;75,35903768;75,42545305;74,51683186;75,56534038;75,42834464
82,59;75,5897939;75,55081638;74,61597627;75,27316643;75,34444276;74,40420467;75,48680035;75,34760166
82,6;75,5117131;75,47188277;74,50565067;75,18680865;75,2632664;74,29007171;75,40773143;75,26610889
82,61;75,43346422;75,39298023;74,39458446;75,10039681;75,18233919;74,17522588;75,32864782;75,18464736
82,62;75,35510328;75,31387889;74,28280317;75,01339034;75,10103826;74,05946349;75,24913816;75,10315459
82,63;75,27663028;75,23457875;74,1703068;74,92578923;75,01936364;73,94278456;75,16920243;75,02163059
82,64;75,19727955;75,15437774;74,05601635;74,83707994;74,93683779;73,82424342;75,0881722;74,93938804
82,65;75,11729387;75,07348711;73,94019359;74,74802602;74,8538552;73,70421832;75,00661309;74,85655972
82,66;75,03714011;74,9923728;73,82287685;74,65860719;74,77058198;73,58246922;74,92496585;74,77295818
82,67;74,95636385;74,91069934;73,7036639;74,56792477;74,686679;73,45870515;74,84282645;74,68851312
82,68;74,87522654;74,82862826;73,58349325;74,47643147;74,60231926;73,33387904;74,76018755;74,60391187
82,69;74,79372817;74,74615958;73,46236491;74,38412731;74,51750278;73,20799091;74,67704915;74,51915441
82,7;74,7123792;74,66379651;73,34071942;74,29185018;74,43254787;73,08130987;74,59383728;74,43424074
82,71;74,63105513;74,58138996;73,21835248;74,19972171;74,34774521;72,95377774;74,51093391;74,34940517
82,72;74,54935755;74,49857336;73,09481078;74,10716077;74,2628595;72,82509627;74,42782488;74,26447588
82,73;74,46728647;74,41534672;72,9700943;74,01416736;74,17789074;72,69526546;74,34451017;74,17945285
82,74;74,38451818;74,33145532;72,84314322;73,92002524;74,09198081;72,56323784;74,26015236;74,09341448
82,75;74,30145109;74,24728435;72,71456407;73,82519389;74,00540653;72,42948623;74,17530974;74,00674348
82,76;74,21804785;74,16294562;72,58429941;73,72985575;73,91831323;72,29366148;74,09013655;73,91936956
82,77;74,13395985;74,07801666;72,45161499;73,63344319;73,83027181;72,15533438;74,00410392;73,83092562
82,78;74,04944855;73,99272737;72,31756427;73,53640896;73,74188438;72,01568336;73,91776277;73,74221613
82,79;73,96451395;73,90707773;72,18214723;73,43875305;73,65315093;71,87470842;73,8311131;73,65324109
82,8;73,87937392;73,82147159;72,04613643;73,34090118;73,56472891;71,73268599;73,74481601;73,56448475
82,81;73,79425258;73,73597106;71,90921264;73,24271821;73,47647991;71,5894415;73,65866584;73,4757909
82,82;73,70886978;73,65025931;71,77084594;73,14407575;73,38794026;71,4447276;73,57216308;73,38681587
82,83;73,62322553;73,56433632;71,63103632;73,0449738;73,29910995;71,2985443;73,48530773;73,29755967
82,84;73,5367409;73,47740685;71,48880056;72,94450687;73,20927617;71,14973499;73,39744604;73,20732717
82,85;73,44990143;73,38954545;71,34459196;72,84272228;73,11881955;70,99898346;73,308791;73,1165089
82,86;73,36240834;73,3008826;71,19825728;72,7397822;73,02788542;70,84611514;73,21967318;73,02547974
82,87;73,27385075;73,21131889;71,04922832;72,63557175;72,93591322;70,69038804;73,1297914;72,93352114
82,88;73,18504416;73,12148183;70,89839891;72,53087478;72,84349813;70,5329151;73,03951297;72,84090649
82,89;73,09598857;73,0313714;70,74576905;72,4256913;72,75064014;70,37369634;72,94883789;72,74763579
82,9;73,00711351;72,94147843;70,59221343;72,32060242;72,65816969;70,21338643;72,85830974;72,65473218
82,91;72,91765953;72,85117541;70,43641683;72,21486483;72,56557466;70,05047962;72,7673849;72,56159425
82,92;72,82715975;72,75981;70,27769608;72,10785689;72,47203846;69,88443761;72,67551981;72,46733944
82,93;72,73628646;72,66782331;70,11731534;72,00003807;72,37792095;69,71680982;72,58311114;72,37256915
82,94;72,64503967;72,57521533;69,9552746;71,89140838;72,28322213;69,54759625;72,49015888;72,27728338
82,95;72,55397964;72,48260113;69,79214209;71,78214351;72,18834338;69,37753158;72,39696422;72,18201322
82,96;72,46300675;72,38995586;69,6278412;71,67235159;72,09334006;69,20635394;72,30364467;72,08672744
82,97;72,37149851;72,29688812;69,46189309;71,56193799;71,99808761;69,03327046;72,21011945;71,99106676
82,98;72,2794549;72,20339792;69,29429774;71,45090271;71,90258602;68,85828113;72,11638855;71,8950312
82,99;72,18637794;72,10916218;69,12348456;71,33823218;71,80598408;68,6795092;72,02167333;71,79776942
83;72,09279676;72,01449775;68,94987494;71,22434535;71,70830256;68,49759479;71,92625291;71,69952353
83,01;71,99880471;71,91912507;68,77333481;71,10930303;71,60968679;68,31262519;71,83032566;71,60055128
83,02;71,90403452;71,82269;68,59332786;70,99260518;71,51006063;68,1242658;71,73348019;71,50067302
83,03;71,80870407;71,72584489;68,41127784;70,87505592;71,41008845;67,93392781;71,63622335;71,40048235
83,04;71,71281337;71,62858974;68,22718475;70,75665524;71,30977025;67,74161122;71,53855516;71,29997926
83,05;71,6168044;71,53131594;68,04179559;70,63770048;71,20914062;67,54749789;71,44064457;71,19939027
83,06;71,5209137;71,43403594;67,85498267;70,51819162;71,10810268;67,35158781;71,34249157;71,09873099
83,07;71,42454991;71,33635832;67,66616498;70,39803406;71,00678793;67,15377188;71,2441329;70,9976968
83,08;71,32771301;71,23828307;67,47534254;70,27722778;70,90519637;66,9540501;71,14556856;70,89628772
83,09;71,22957508;71,13901497;67,28074042;70,15474571;70,80269824;66,75068392;71,04611537;70,79363681
83,1;71,13061544;71,03896407;67,08286301;70,03086489;70,699515;66,54419711;70,94589088;70,69007212
83,11;71,03087144;70,93803714;66,88167199;69,90538261;70,59556358;66,33452417;70,84467473;70,58559363
83,12;70,92997582;70,83572476;66,67680346;69,77785963;70,49044262;66,12092312;70,74205557;70,48004511
83,13;70,82859464;70,73286566;66,46978971;69,64936361;70,38474035;65,90477609;70,63878999;70,37409045
83,14;70,7267279;70,62945983;66,26063073;69,51989454;70,27845677;65,68608308;70,53487798;70,26772964
83,15;70,62492963;70,5262404;66,0497096;69,39015517;70,17195173;65,46578246;70,43095127;70,16097833
83,16;70,52307535;70,42310795;65,83700078;69,25998333;70,06522522;65,24403427;70,32702457;70,05377402
83,17;70,42067327;70,31944119;65,62228721;69,12864925;69,9579174;65,02003105;70,22261303;69,9461011
83,18;70,31772339;70,21524014;65,40556887;68,99615292;69,85002827;64,79377281;70,11771668;69,83795956
83,19;70,21359075;70,1097282;65,18493679;68,86142669;69,74092807;64,56341191;70,01169643;69,72874801
83,2;70,10872976;70,0035639;64,96064635;68,72526117;69,631122;64,32973396;69,90492692;69,61859921
83,21;70,00319648;69,89687773;64,73265923;68,58781853;69,52050624;64,09267348;69,79732001;69,50706799
83,22;69,8965489;69,78897386;64,50074559;68,44852439;69,4086448;63,85151759;69,68851576;69,39392786
83,23;69,78934107;69,68043628;64,26671227;68,30808153;69,29616052;63,60777206;69,5790357;69,2803191
83,24;69,68157298;69,571265;64,03055926;68,16648995;69,18305341;63,36143689;69,46887985;69,16624173
83,25;69,57366795;69,46213721;63,79270798;68,02401992;69,06953108;63,11337772;69,35851831;69,05229715
83,26;69,46578781;69,35304048;63,55312009;67,88060387;68,95552432;62,86394373;69,24815678;68,93814168
83,27;69,35739722;69,24332247;63,31145082;67,73589042;68,84090856;62,61241476;69,13726637;68,82326768
83,28;69,24849617;69,13298319;63,06770017;67,58987957;68,7256838;62,35879081;69,02584707;68,70767512
83,29;69,13810733;69,02115283;62,82017624;67,44136855;68,6092549;62,1009987;68,91288518;68,59108285
83,3;69,02691546;68,908316;62,56918546;67,29083036;68,49178793;61,83988954;68,7988655;68,47362363
83,31;68,91475248;68,79445405;62,31436392;67,1382447;68,37319986;61,5754415;68,68394231;68,3546414
83,32;68,80113284;68,67925634;62,05544349;66,98324671;68,25337997;61,30680349;68,56785116;68,23406585
83,33;68,68704011;68,5634622;61,79449277;66,82674861;68,13284034;61,0360705;68,45106952;68,11291233
83,34;68,57247427;68,44707162;61,53151176;66,6687504;68,01158099;60,76324252;68,33359737;67,99118084
83,35;68,45788353;68,33035799;61,26711336;66,50963724;67,88967112;60,48938887;68,21556695;67,86917599
83,36;68,34303133;68,21323432;61,00120821;66,34940913;67,76706923;60,21432041;68,09703702;67,74683532
83,37;68,22729517;68,09535268;60,73331106;66,18780254;67,64370609;59,93715697;67,97777253;67,62368238
83,38;68,11067506;67,97671308;60,46342192;66,02481747;67,51958171;59,65789855;67,85777347;67,49971718
83,39;67,99240531;67,85660726;60,18956156;65,85905518;67,39408017;59,37470476;67,73650361;67,37401026
83,4;67,87303372;67,73556952;59,91227267;65,69096164;67,26756133;59,0884558;67,61450653;67,24729581
83,41;67,75250427;67,6133203;59,63184258;65,52037467;67,13977605;58,799479;67,49114314;67,11938639
83,42;67,63040612;67,48936256;59,34769028;65,34686181;67,01030911;58,50698146;67,36589926;66,98950096
83,43;67,50758586;67,36458473;59,06166091;65,171538;66,87990098;58,21257807;67,23983267;66,85869391
83,44;67,3840435;67,23898679;58,77375447;64,99440324;66,74855168;57,91626882;67,11294336;66,72696524
83,45;67,26054471;67,11327082;58,48504997;64,81597108;66,61673871;57,61899937;66,9858998;66,59500225
83,46;67,13596276;66,98662293;58,19387463;64,63496441;66,4837216;57,31911118;66,8578205;66,46172712
83,47;67,00983077;66,85857716;57,90019015;64,45140349;66,34933423;57,0168443;66,72826472;66,32732731
83,48;66,88313853;66,72989768;57,60561819;64,26644382;66,21420637;56,71398821;66,59808454;66,19266194
83,49;66,75562459;66,60042297;57,30922025;64,07963266;66,07816502;56,40958997;66,46728732;66,05704372
83,5;66,62728893;66,47015301;57,01099633;63,89097002;65,9412102;56,1036496;66,33587306;65,92047263
83,51;66,49706709;66,33798816;56,70961204;63,69877333;65,80250451;55,79453038;66,2028354;65,7819724
83,52;66,36508356;66,2040775;56,40527168;63,50292096;65,66175732;55,48229052;66,06779238;65,64130871
83,53;66,23230321;66,06930948;56,09950118;63,3049198;65,51988901;55,16891589;65,93169157;65,49942662
83,54;66,09872606;65,93368409;55,79230054;63,10476983;65,3768996;54,85440649;65,79453298;65,35632613
83,55;65,96467581;65,79745605;55,48472959;62,90318731;65,2336472;54,53980979;65,65715403;65,21292886
83,56;65,82916891;65,65964374;55,17522412;62,69805721;65,08863009;54,22337997;65,51814434;65,06761025
83,57;65,6922427;65,52013535;54,86384159;62,4891971;64,94170295;53,9054662;65,37734967;64,9204406
83,58;65,55460683;65,37983794;54,55240157;62,27830307;64,79404918;53,58779974;65,23598938;64,77299759
83,59;65,41599984;65,23852164;54,23985065;62,06492236;64,64506668;53,26920218;65,09351256;64,62447677
83,6;65,27642174;65,09618644;53,9261888;61,849055;64,49475545;52,9496735;64,94991919;64,47487811
83,61;65,13471467;64,95147794;53,60988374;61,62870082;64,3418906;52,62756974;64,80396786;64,32260052
83,62;64,99065453;64,80433403;53,29125469;61,40399495;64,18661053;52,30306548;64,65586423;64,1678002
83,63;64,84544899;64,65598484;52,97184671;61,17664024;64,03007095;51,97795018;64,50652653;64,01190643
83,64;64,69909804;64,50643035;52,65165981;60,94663669;63,87227186;51,65222385;64,35595474;63,85491922
83,65;64,55218061;64,35646583;52,33167723;60,71488976;63,71392607;51,32704309;64,20480264;63,69753369
83,66;64,40326494;64,20493568;52,01041134;60,47916957;63,55367024;51,00059661;64,05208592;63,53827367
83,67;64,25264984;64,05170944;51,68801538;60,23931395;63,39135905;50,67305899;63,89747402;63,37676428
83,68;64,10144334;63,89761962;51,36613018;59,99716086;63,22798212;50,34628518;63,74195126;63,21401307
83,69;63,94882999;63,74203873;51,0438619;59,75192645;63,06294429;50,0191622;63,58515034;63,04974666
83,7;63,79480976;63,58496677;50,72121056;59,50361073;62,89624555;49,69169007;63,42707127;62,88396504
83,71;63,63842402;63,42529164;50,39661191;59,25001083;62,72654335;49,36240666;63,26609064;62,71535608
83,72;63,48043221;63,26364085;50,07138119;58,99187004;62,5543498;49,03281771;63,10275204;62,54452118
83,73;63,32158134;63,10116375;49,74718477;58,73120203;62,38111821;48,70419624;62,93856136;62,37272562
83,74;63,16119911;62,93741925;49,4227585;58,46754733;62,20648869;48,37499284;62,77312192;62,199368
83,75;62,99928551;62,77240734;49,09810237;58,20090592;62,03046126;48,04520751;62,60643372;62,02444832
83,76;62,83458932;62,60434494;48,77179904;57,92841272;61,85085597;47,71350177;62,43683663;61,84620926
83,77;62,66721012;62,4332569;48,44392511;57,64995963;61,66761746;47,38013749;62,26421313;61,66468206
83,78;62,49832447;62,26069021;48,1155915;57,36795221;61,48252428;47,04659863;62,08982664;61,48138972
83,79;62,32793235;62,08664489;47,78679818;57,08239048;61,29557643;46,71288518;61,91367719;61,29633224
83,8;62,15653178;61,911444;47,45911579;56,794288;61,10762511;46,38087392;61,73654342;61,11036096
83,81;61,98255403;61,73354053;47,13141424;56,50109731;60,91709941;46,04881901;61,55698558;60,92169514
83,82;61,80590574;61,55321406;46,8038276;56,2027576;60,72385399;45,71663317;61,37480534;60,73007703
83,83;61,62790662;61,37160153;46,47763919;55,90145145;60,52916915;45,38597492;61,1911633;60,53694372
83,84;61,44833879;61,18805062;46,15142524;55,59637476;60,33238051;45,05543305;61,00555261;60,34170163
83,85;61,26720224;61,00256132;45,82518576;55,28752751;60,13348808;44,72500756;60,81797328;60,14435075
83,86;61,08276642;60,81341889;45,49757998;54,97181487;59,93038112;44,3931054;60,62673579;59,9430791
83,87;60,89479476;60,62061091;45,16873558;54,64923686;59,72315651;44,05972659;60,43184014;59,73787106
83,88;60,70466925;60,42576513;44,83982734;54,32263153;59,5135928;43,72626049;60,23493178;59,53042927
83,89;60,51238986;60,22888155;44,51085526;53,9919989;59,30168998;43,3927071;60,03601071;59,32075372
83,9;60,31878454;60,03075541;44,18359425;53,65836603;59,08807781;43,06080496;59,83576009;59,10971137
83,91;60,12220987;59,82947937;43,85650562;53,31875298;58,87087396;42,72881551;59,63193947;58,89501376
83,92;59,92262851;59,62514665;43,52962768;52,97336246;58,65016146;42,39680424;59,42476921;58,67666094
83,93;59,72143484;59,4192421;43,20466511;52,62497172;58,42768425;42,06634968;59,21619592;58,45651956
83,94;59,51796282;59,21092697;42,88008563;52,27251312;58,20285411;41,73606969;59,005463;58,23392574
83,95;59,31221243;59,00020127;42,55588922;51,91598666;57,97567104;41,4059643;58,79257046;58,00887949
83,96;59,10413387;58,78705258;42,23171836;51,55520314;57,74563676;41,07609166;58,57712161;57,78108401
83,97;58,89385164;58,5715803;41,90759857;51,19032471;57,51275127;40,74629177;58,35910178;57,55060178
83,98;58,68136573;58,35378444;41,58352986;50,82135138;57,27701457;40,41656462;58,13851094;57,3174328
83,99;58,46469659;58,13144702;41,25793523;50,44488424;57,03643359;40,08503346;57,91331439;57,07944486
84;58,24447918;57,90534465;40,93272366;50,06199095;56,79163808;39,75354594;57,68415117;56,83723937
84,01;58,02039602;57,67540277;40,60749294;49,67291478;56,54231662;39,4217529;57,45106535;56,59069915
84,02;57,79239108;57,44149091;40,28228139;49,27749353;56,28857303;39,08971981;57,21414507;56,34026939
84,03;57,5622385;57,20514363;39,95896606;48,87859906;56,03246266;38,75939618;56,97510189;56,0879183
84,04;57,32938424;56,96577693;39,63574011;48,47552859;55,77336269;38,42927623;56,73341428;55,83250556
84,05;57,09382831;56,72339081;39,31260353;48,06828213;55,5112731;38,09935997;56,48908223;55,57403117
84,06;56,85534659;56,47812195;38,98949249;47,65680562;55,24600012;37,76960375;56,24192943;55,3122452
84,07;56,61377725;56,22998279;38,6664453;47,24116666;54,97761296;37,43965839;55,9917502;55,04749132
84,08;56,36912027;55,9789733;38,34346197;46,82136525;54,70611162;37,10952389;55,73854455;54,77976953
84,09;56,11934008;55,72262081;38,01851857;46,39438086;54,42886634;36,77716345;55,47982962;54,50644774
84,1;55,86541401;55,46179509;37,69330703;45,96141629;54,14647228;36,44465026;55,21661914;54,22780713
84,11;55,60694989;55,19630978;37,36778902;45,52251208;53,85901248;36,11187518;54,94869275;53,94387114
84,12;55,34411579;54,92618353;37,04232847;45,0776885;53,56656998;35,77886006;54,67589617;53,65529582
84,13;55,07891616;54,65355352;36,71883437;44,63003364;53,27099946;35,4476635;54,40028618;53,36409624
84,14;54,81036744;54,37768043;36,39523811;44,17863525;52,97178881;35,11619052;54,12138534;53,06925707
84,15;54,53846964;54,09856425;36,0715397;43,72349335;52,66893803;34,78444112;53,83919363;52,7707783
84,16;54,26316052;53,81599376;35,74756036;43,26464847;52,36268242;34,45234256;53,55371105;52,46865993
84,17;53,98467662;53,53005594;35,42338948;42,80210062;52,05306347;34,12008397;53,26487883;52,16296443
84,18;53,70301796;53,24075079;35,09902706;42,3358498;51,7400812;33,78766533;52,97269698;51,85369181
84,19;53,41525252;52,94548135;34,77253219;41,8630512;51,42081521;33,4528171;52,67451372;51,53817093
84,2;53,12214598;52,64495588;34,44588411;41,38510357;51,0958814;33,11737965;52,37086527;51,21733123
84,21;52,82379172;52,33887617;34,11900619;40,90229071;50,76500988;32,78168032;52,06157533;50,89070411
84,22;52,52024576;52,02752179;33,79161112;40,41477479;50,42844977;32,44539179;51,74728298;50,55847699
84,23;52,21388608;51,71327845;33,46578025;39,92550875;50,08879625;32,11055811;51,43019928;50,22341473
84,24;51,90386608;51,39525772;33,13966845;39,43337762;49,74530883;31,7755644;51,10926645;49,88446294
84,25;51,59018576;51,07345961;32,81327573;38,9383814;49,3979875;31,44041064;50,78448449;49,54162162
84,26;51,272621;50,7479711;32,48656378;38,44080392;49,04685996;31,10499502;50,45594154;49,19487514
84,27;50,95229854;50,41960607;32,16120537;37,94192229;48,69266669;30,77097607;50,12451908;48,84530133
84,28;50,62921837;50,08836451;31,8372005;37,44173652;48,33540768;30,43835379;49,7902171;48,49290019
84,29;50,29971396;49,75046905;31,51098018;36,93690851;47,97151892;30,10344012;49,44944357;48,13364159
84,3;49,96378531;49,4059197;31,1825444;36,42743826;47,6010004;29,76623506;49,1021985;47,76752554
84,31;49,6211336;49,05466051;30,85191233;35,91344739;47,22374833;29,42691319;48,74808522;47,39448174
84,32;49,27282331;48,69779116;30,52041834;35,39661848;46,84060007;29,08711121;48,38811008;47,01548651
84,33;48,92160592;48,33792103;30,19015658;34,87974227;46,4543307;28,74880045;48,02513055;46,63359365
84,34;48,56651654;47,9741617;29,85960112;34,36131189;46,06401983;28,40999504;47,65819904;46,24785812
84,35;48,20755518;47,60651317;29,52875196;33,84132733;45,66966745;28,07069498;47,28731556;45,85827992
84,36;47,84465958;47,23503754;29,19758358;33,32009945;45,27145348;27,73101666;46,91239197;45,46473407
84,37;47,47881332;46,86071646;28,86766019;32,79974326;44,87087966;27,3927059;46,53483861;45,06884511
84,38;47,11001638;46,4835499;28,53898179;32,28025877;44,46794598;27,05576269;46,1546555;44,67061306
84,39;46,73451506;46,09966109;28,20794749;31,75810516;44,05838947;26,7167827;45,76778782;44,26550795
84,4;46,35230936;45,70905003;27,87455728;31,23328243;43,64221013;26,37576592;45,37423557;43,85352977
84,41;45,96343664;45,31153034;27,53904101;30,7063379;43,21944949;26,03279965;44,97388856;43,43484252
84,42;45,56905476;44,90845639;27,20293099;30,17927174;42,79133245;25,68952785;44,56798822;43,01104731
84,43;45,17207081;44,50302158;26,86798295;29,65436791;42,36103546;25,34791458;44,15937733;42,58510426
84,44;44,77127711;44,09399577;26,53265184;29,12992357;41,92740284;25,00617038;43,74713767;42,15558411
84,45;44,36667368;43,68137897;26,19693765;28,60593874;41,49043458;24,66429524;43,33126924;41,72248684
84,46;43,95833522;43,26517118;25,86100638;28,0826972;41,05013069;24,32227462;42,91209525;41,28590617
84,47;43,54769349;42,84652797;25,52634564;27,56242885;40,60785449;23,9819198;42,49060001;40,84731826
84,48;43,13474849;42,42544936;25,19295544;27,04513368;40,16360598;23,64323079;42,06678353;40,40672311
84,49;42,715373;41,99800262;24,85782862;26,52766283;39,71344744;23,30310147;41,63664977;39,96017649
84,5;42,28956704;41,56418775;24,52096519;26,0100163;39,25737887;22,96153184;41,20019872;39,50767842
84,51;41,85761073;41,12430298;24,18225023;25,49292386;38,79604387;22,61847826;40,75754058;39,04974436
84,52;41,42046274;40,67946041;23,84324797;24,97858838;38,33078501;22,27540286;40,31029873;38,58768646
84,53;40,98091188;40,2326111;23,505861;24,4684424;37,86425279;21,93418241;39,86146288;38,12425394
84,54;40,53821115;39,78260569;23,16842296;23,96047227;37,39499393;21,5935439;39,40952715;37,65818154
84,55;40,09236054;39,32944418;22,83093384;23,45467796;36,92300843;21,25348733;38,95449153;37,18946925
84,56;39,64349701;38,87318868;22,49352135;22,95130276;36,44837933;20,91414362;38,49638541;36,71814833
84,57;39,19287178;38,4156223;22,15760284;22,45321173;35,97328657;20,57685126;38,03686893;36,24597609
84,58;38,74048487;37,95674503;21,82317833;21,96040487;35,49773014;20,24161024;37,57594208;35,77295254
84,59;38,28266348;37,49244397;21,48785359;21,46985494;35,01773774;19,90580183;37,11002751;35,29533652
84,6;37,81940763;37,02271912;21,15162862;20,98156195;34,53330935;19,56942604;36,63912524;34,81312804
84,61;37,35084803;36,54807373;20,81459919;20,49593131;34,04494325;19,23272289;36,16330137;34,32670199
84,62;36,87855342;36,07005481;20,47789538;20,01551052;33,55421037;18,89743822;35,68399563;33,83783912
84,63;36,40536239;35,5912593;20,1431261;19,54127262;33,06353978;18,56480137;35,20407285;33,34921055
84,64;35,92995523;35,11055024;19,80900804;19,07103501;32,57165118;18,23315381;34,72237242;32,85937921
84,65;35,45233195;34,62792763;19,4755412;18,6047977;32,07854459;17,90249557;34,23889434;32,36834508
84,66;34,97276646;34,14361514;19,14284052;18,14284449;31,58449682;17,57295755;33,75402059;31,87632685
84,67;34,49298931;33,6593275;18,81224676;17,68827022;31,0916186;17,24613282;33,26944066;31,38513649
84,68;34,0130005;33,17506471;18,48375992;17,24107488;30,59990994;16,92202138;32,78515456;30,89477402
84,69;33,52918329;32,68723579;18,15530499;16,79787307;30,10582066;16,59868101;32,29719561;30,40153736
84,7;33,04153768;32,19584071;17,82688198;16,35866478;29,60935076;16,27611173;31,80556383;29,90542652
84,71;32,55056789;31,70114044;17,49870157;15,92399737;29,1110608;15,9544008;31,31100845;29,40730843
84,72;32,05791734;31,20504229;17,17230247;15,4968508;28,61283313;15,63528678;30,81576993;28,90947151
84,73;31,56597644;30,7100935;16,8487956;15,077617;28,11673694;15,31958439;30,32208137;28,41386054
84,74;31,07335078;30,21480921;16,52647627;14,6635187;27,62102828;15,00571511;29,82799613;27,91860885
84,75;30,58004037;29,71918944;16,20534447;14,25455592;27,12570716;14,69367893;29,33351422;27,42371644
84,76;30,08423372;29,22165611;15,88482557;13,85047862;26,62945179;14,38314124;28,83686532;26,92777745
84,77;29,58598063;28,72222167;15,56527713;13,45147602;26,13276044;14,07404387;28,33844613;26,43108867
84,78;29,08767773;28,22293634;15,24755467;13,05798736;25,63750854;13,76714332;27,84057052;25,93561829
84,79;28,58932503;27,72380011;14,93165821;12,67001262;25,14369608;13,46243959;27,34323851;25,44136633
84,8;28,09290209;27,22703097;14,61916474;12,29095071;24,65331614;13,16180945;26,84848481;24,95046498
84,81;27,59698337;26,73134284;14,30950604;11,92068675;24,16536527;12,86471458;26,35500925;24,46183642
84,82;27,10188636;26,2368103;14,00308433;11,55897747;23,68015488;12,57150416;25,86276778;23,97559783
84,83;26,6094599;25,74521642;13,70095305;11,20600533;23,19910365;12,28312384;25,37348662;23,49332687
84,84;26,11792985;25,25502663;13,40123514;10,8588985;22,72015622;11,99762411;24,88545422;23,01305536
84,85;25,62729621;24,76624094;13,10393061;10,51765697;22,2433126;11,715005;24,39867058;22,53478328
84,86;25,13664389;24,277915;12,80842653;10,18250373;21,76804683;11,43484457;23,91242316;22,05772961
84,87;24,64619699;23,78991212;12,51478674;9,853492819;21,29455268;11,15718649;23,42688827;21,58214426
84,88;24,15756782;23,30388491;12,22367525;9,5306175;20,82397895;10,88237992;22,94342488;21,10944873
84,89;23,67075637;22,81983336;11,93509205;9,21387777;20,35632562;10,61042484;22,46203297;20,63964301
84,9;23,18779824;22,34023017;11,65106106;8,906294138;19,89422245;10,34335805;21,98519539;20,17535918
84,91;22,70756667;21,86407511;11,37143542;8,607630089;19,43689435;10,0812014;21,51208207;19,71555067
84,92;22,23045385;21,39155453;11,09625345;8,317845073;18,98425831;9,824064003;21,04291337;19,26019405
84,93;21,75818411;20,92414085;10,82591739;8,037310745;18,53758766;9,572229526;20,57910702;18,81078888
84,94;21,288753;20,45969689;10,55851823;7,76293904;18,09502772;9,323639352;20,11860621;18,36532009
84,95;20,82216052;19,99822265;10,29405598;7,494729956;17,6565785;9,078293483;19,66141096;17,92378768
84,96;20,35849381;19,54000391;10,0326711;7,23258889;17,22236455;8,836293769;19,20755065;17,48633226
84,97;19,89781512;19,08525192;9,774542363;6,976475296;16,79215061;8,597712961;18,75702528;17,05295381
84,98;19,44012444;18,63396665;9,519669759;6,726389173;16,36593668;8,362551059;18,30983486;16,62365234
84,99;18,98476814;18,1854523;9,267989455;6,482175108;15,94323831;8,130815327;17,86547989;16,19777178
85;18,53467825;17,74230582;9,021442355;6,2466779;15,52697591;7,904775326;17,42661213;15,77798328
85,01;18,09039635;17,30484405;8,780028459;6,020039443;15,11741938;7,684409236;16,99369437;15,36470859
85,02;17,65182905;16,87336519;8,543824384;5,801975937;14,71483863;7,469389713;16,56690291;14,95841631
85,03;17,21967355;16,44879496;8,31316212;5,592609029;14,31994645;7,259905894;16,14689152;14,55987184
85,04;16,79155189;16,02874765;8,085960302;5,388985807;13,93014768;7,053913721;15,73144914;14,16631035
85,05;16,36746405;15,61322327;7,86221893;5,19110627;13,54544234;6,851413194;15,32057577;13,77773183
85,06;15,94772129;15,20239576;7,641848626;4,999105551;13,1659273;6,652433406;14,91447709;13,39410504
85,07;15,53254772;14,79617814;7,424887692;4,812699837;12,79157489;6,457076189;14,51306494;13,01544562
85,08;15,12194335;14,39457042;7,211336126;4,631889128;12,42238511;6,265341544;14,11633934;12,64175357
85,09;14,71545996;13,99710665;7,001391846;4,456315289;12,05800499;6,077338586;13,72407991;12,27271646
85,1;14,31577432;13,60680001;6,797002148;4,288160908;11,70136881;5,894965901;13,3390266;11,91150528
85,11;13,92333463;13,22400465;6,597994664;4,127831435;11,35285025;5,718048893;12,96142183;11,55849493
85,12;13,53843971;12,84877649;6,404350244;3,975205247;11,01255314;5,546412978;12,59166225;11,21375571
85,13;13,16137591;12,48160013;6,216273182;3,830113398;10,68066432;5,380240027;12,2299315;10,87750629
85,14;12,78939174;12,11986616;6,031669333;3,689765142;10,35440872;5,217558713;11,8733721;10,54669284
85,15;12,42248722;11,7635746;5,850538697;3,55416048;10,03378632;5,058369035;11,52198406;10,22131535
85,16;12,0607495;11,41257634;5,673072815;3,423326444;9,718769449;4,902743735;11,17606122;9,901373837
85,17;11,70424082;11,06680925;5,499297221;3,296952198;9,409178175;4,750566433;10,8356917;9,586993268
85,18;11,35296119;10,72627335;5,329211916;3,175037741;9,105012497;4,601837129;10,50087553;9,278173645
85,19;11,00683589;10,39119229;5,162516816;3,057583064;8,806362384;4,456432171;10,17128948;8,975047747
85,2;10,66890899;10,06453577;5,000993222;2,946432903;8,516307421;4,316024627;9,849768973;8,680567852
85,21;10,33918048;9,74608014;4,844832679;2,841526451;8,234785321;4,180701776;9,536490324;8,394616794
85,22;10,017613;9,436011801;4,693805341;2,742316377;7,961754555;4,050376338;9,23156373;8,117030581
85,23;9,704480459;9,134616531;4,548045278;2,64887701;7,697381216;3,925128338;8,93519485;7,847934195
85,24;9,396875761;8,83870095;4,405796739;2,558924381;7,438488846;3,802993717;8,644540907;7,584367508
85,25;9,094798909;8,548265055;4,267059723;2,472458493;7,185077445;3,683972475;8,359601899;7,32633052
85,26;8,798399315;8,263445532;4,131642698;2,38958746;6,937230054;3,567962769;8,080480679;7,073979433
85,27;8,507602273;7,984242373;3,999379657;2,310027489;6,694946663;3,454979146;7,806854041;6,827220528
85,28;8,222407783;7,710655577;3,870270601;2,233778578;6,458227272;3,345021605;7,538721984;6,586053805
85,29;7,942653978;7,442393149;3,744545372;2,160638017;6,226739701;3,238286549;7,276040427;6,350174655
85,3;7,671360018;7,182555291;3,623570283;2,091916703;6,003432054;3,136025159;7,021821091;6,122519756
85,31;7,408469886;6,931291097;3,507307021;2,027594355;5,78851195;3,038106505;6,775953795;5,903182833
85,32;7,153703438;6,688302341;3,395870488;1,966941199;5,581335786;2,944574226;6,538328357;5,691648411
85,33;6,907303454;6,453769202;3,289196847;1,910099146;5,382028123;2,855508331;6,30909903;5,488111757
85,34;6,666481116;6,224740605;3,185383504;1,85563565;5,18793844;2,769032056;6,085276122;5,289823636
85,35;6,431236427;6,001216551;3,08443046;1,803550711;4,999066738;2,685145403;5,866859632;5,096784046
85,36;6,20165653;5,783159752;2,986376025;1,753898379;4,815468381;2,603746537;5,653996479;4,909086707
85,37;5,97760448;5,570508083;2,891092493;1,706435395;4,637060327;2,524704534;5,446657277;4,726700372
85,38;5,759080276;5,363261544;2,798579865;1,66116176;4,463842577;2,448019394;5,244842023;4,549625042
85,39;5,546071472;5,161500915;2,708691289;1,618185595;4,295884327;2,373712941;5,04813935;4,3776186
85,4;5,341074306;4,967792087;2,622710084;1,578128566;4,135379353;2,302919949;4,85886315;4,212899183
85,41;5,143958062;4,782116411;2,54075118;1,540686605;3,98207853;2,235662237;4,677410097;4,055607371
85,42;4,954592009;4,603970645;2,462718798;1,505454274;3,835483588;2,171699764;4,503714092;3,905368266
85,43;4,773019712;4,43331751;2,388683169;1,472573463;3,695774452;2,111178017;4,337642918;3,762220924
85,44;4,596402558;4,267560055;2,31703538;1,441071125;3,560522054;2,052867641;4,17633175;3,62349421
85,45;4,424740548;4,10669828;2,24777543;1,410947261;3,429726396;1,996768639;4,019780586;3,489188124
85,46;4,258183084;3,950732192;2,180877777;1,382242417;3,303345953;1,942750074;3,868165715;3,359318293
85,47;4,096456258;3,799438134;2,116227492;1,354672789;3,181103907;1,890681012;3,721105163;3,233666044
85,48;3,939560069;3,652816106;2,053824573;1,328238377;3,063000258;1,840561453;3,578598932;3,112231377
85,49;3,787376253;3,510922014;1,993681785;1,303081096;2,949291061;1,792420484;3,440404618;2,995029904
85,5;3,642139602;3,375719104;1,936699366;1,27974829;2,841747943;1,746810938;3,308843454;2,884061049
85,51;3,503943478;3,247319213;1,882666632;1,25803722;2,740080254;1,703536426;3,184223951;2,779418535
85,52;3,372283645;3,125461395;1,831372887;1,237400543;2,643727434;1,662509671;3,065796855;2,680235434
85,53;3,247160112;3,009965476;1,783130974;1,217817999;2,552668725;1,624043453;2,953407912;2,586277433
85,54;3,126182464;2,898284219;1,736829966;1,198897666;2,464834938;1,587323054;2,844824032;2,495599751
85,55;3,009350701;2,790417623;1,692469865;1,180639546;2,380226073;1,552348474;2,740045217;2,408202389
85,56;2,89663992;2,686477519;1,649935748;1,163232838;2,299091251;1,519003323;2,639203686;2,32439776
85,57;2,78986161;2,588041953;1,609802247;1,146927569;2,222752257;1,487622212;2,544069752;2,245591727
85,58;2,689015772;2,495110925;1,57206936;1,13172374;2,151209088;1,458205141;2,454643413;2,17178429
85,59;2,591805373;2,405758462;1,535683619;1,116992919;2,082441009;1,429864658;2,368434482;2,100811999
85,6;2,498230413;2,319984563;1,500645025;1,102735105;2,01644802;1,402600765;2,285442958;2,032674855
85,61;2,408234863;2,237640132;1,467145109;1,089011106;1,953250879;1,376500753;2,205712907;1,967372857
85,62;2,323244253;2,160011223;1,435752097;1,075935806;1,893853035;1,352102915;2,130544521;1,905983831
85,63;2,243302156;2,087147532;1,40657453;1,063448396;1,838171442;1,329465452;2,059923121;1,848468716
85,64;2,166559731;2,017265983;1,378558957;1,051366419;1,784787421;1,307642708;1,992122465;1,793249825
85,65;2,09301698;1,950366574;1,351705377;1,039689875;1,733700972;1,286634684;1,927142555;1,740327157
85,66;2,022536948;1,886312622;1,325949947;1,028540393;1,684967458;1,266543212;1,865086223;1,689763207
85,67;1,956034731;1,826048477;1,301905589;1,017694993;1,639112833;1,247790199;1,806666008;1,642339012
85,68;1,893510329;1,769574138;1,279572303;1,007153673;1,596137096;1,230375644;1,751881909;1,598054574
85,69;1,83351952;1,71536126;1,258241392;0,996902914;1,555022966;1,213746708;1,69944109;1,555628981
85,7;1,776062303;1,663409843;1,237912857;0,986942715;1,515770441;1,197903389;1,64934355;1,515062232
85,71;1,721045293;1,613663969;1,218567545;0,977191989;1,478254933;1,182932993;1,601457046;1,476143467
85,72;1,669595233;1,567123889;1,200352314;0,967887251;1,443251514;1,168813678;1,556611647;1,43991926
85,73;1,621761931;1,5239325;1,18336932;0,959143368;1,410905525;1,155530887;1,514785329;1,406491134
85,74;1,575821046;1,482617378;1,167216324;0,950588686;1,379943623;1,142800947;1,474560374;1,374359527
85,75;1,531772577;1,443178524;1,151893326;0,942223203;1,350365809;1,130623857;1,435936783;1,343524441
85,76;1,489566723;1,405504118;1,137272629;0,933952315;1,322019831;1,119043266;1,3990027;1,314079593
85,77;1,44911634;1,369308366;1,123213778;0,925870627;1,294781114;1,10795732;1,363728737;1,285884391
85,78;1,410421428;1,334591269;1,109716773;0,917978139;1,268649658;1,097366022;1,330114893;1,258938834
85,79;1,373650064;1,301396306;1,096826303;0,910376224;1,243611629;1,087283916;1,298271361;1,233211685
85,8;1,339455878;1,270419301;1,084606208;0,903220297;1,220151459;1,077703739;1,268697645;1,209359004
85,81;1,307633438;1,241660254;1,073190568;0,896408989;1,198310666;1,068494546;1,24123948;1,187146488
85,82;1,277641154;1,214802326;1,062579384;0,889800406;1,177819354;1,059678159;1,215434091;1,166152386
85,83;1,249491473;1,189814454;1,052619428;0,883394544;1,158705206;1,051443713;1,191222716;1,146501654
85,84;1,222487198;1,165770924;1,042978709;0,877069755;1,14025542;1,043602072;1,167951593;1,127428884
85,85;1,196628331;1,142671735;1,033657227;0,870826042;1,122469996;1,036153235;1,145620721;1,108934077
85,86;1,171989574;1,120579023;1,024616672;0,864758006;1,105335087;1,028893527;1,124377011;1,091142199
85,87;1,148259678;1,099318831;1,015946422;0,858730517;1,088753794;1,021793855;1,104014786;1,074084486
85,88;1,125438641;1,07889116;1,007646478;0,852743574;1,072726119;1,01485422;1,084534048;1,057760938
85,89;1,103588713;1,059283574;0,999755146;0,846662039;1,057279756;1,008220103;1,065956829;1,042202806
85,9;1,083158103;1,040962028;0,992074508;0,840844049;1,042767662;1,001782388;1,048503494;1,027722509
85,91;1,064258857;1,023870616;0,984757797;0,835492315;1,029252111;0,995541074;1,03206386;1,014179454
85,92;1,046442756;1,007655204;0,977977381;0,830201387;1,016359393;0,98967076;1,016395516;1,001198728
85,93;1,029473258;0,992421404;0,971541715;0,824876665;1,004082588;0,984084149;1,001513155;0,988936539
85,94;1,013064024;0,97768463;0,965246505;0,819687092;0,992234843;0,978599371;0,98723315;0,977174212
85,95;0,997215053;0,963444883;0,959091749;0,814632671;0,980816159;0,973216425;0,973555501;0,965911747
85,96;0,981963689;0,949615188;0,953205154;0,809618795;0,969701979;0,967993516;0,960524275;0,954961696
85,97;0,967222772;0,936344645;0,947395178;0,804618431;0,958919988;0,962857904;0,947845633;0,944324059
85,98;0,952992302;0,923633255;0,941661822;0,79963158;0,948470188;0,957809587;0,935519577;0,933998836
85,99;0,939415459;0,911518285;0,935973147;0,794928532;0,938442524;0,952921298;0,923575493;0,924040695
86;0,926566955;0,899776083;0,930629234;0,790509298;0,928747028;0,948316687;0,912336597;0,914316856
86,01;0,914166656;0,888369393;0,925668411;0,785988707;0,91923838;0,943952118;0,901692709;0,904850763
86,02;0,902214562;0,877521864;0,920899133;0,781427566;0,909978868;0,939740311;0,891467515;0,895759582
86,03;0,89092233;0,867208631;0,91632777;0,777102927;0,901231471;0,935681269;0,881683055;0,887043303
86,04;0,880016054;0,857143912;0,911820251;0,772940463;0,892830093;0,931694967;0,872133667;0,878576944
86,05;0,869495735;0,847327705;0,907376577;0,768940174;0,884774735;0,927781405;0,862819352;0,870360507
86,06;0,859311565;0,837846985;0,902958445;0,76491286;0,876843942;0,923955139;0,853740099;0,862409608
86,07;0,849314133;0,828565068;0,898757387;0,760750405;0,868954675;0,920318012;0,844793058;0,854568046
86,08;0,839503439;0,819481953;0,894773405;0,756452808;0,861106932;0,916870023;0,835978227;0,846835822
86,09;0,829960424;0,810610072;0,890808569;0,75217548;0,853342235;0,913422035;0,827515991;0,839244181
86,1;0,820846955;0,802241421;0,886633038;0,748121133;0,845992763;0,909777644;0,819450431;0,832097734
86,11;0,812069647;0,79428281;0,882400042;0,744330316;0,839079276;0,906198725;0,811693383;0,82544335
86,12;0,803684516;0,786585145;0,878147895;0,740823313;0,832394154;0,902816209;0,804355031;0,819187306
86,13;0,795766262;0,779204334;0,87398514;0,737498757;0,825985844;0,899513701;0,797244397;0,813079664
86,14;0,788072108;0,7719602;0,869975615;0,734214738;0,819729786;0,896211193;0,790207227;0,806925157
86,15;0,780602052;0,764852742;0,86611932;0,730971257;0,81362598;0,892908686;0,783243522;0,800723786
86,16;0,773268942;0,75793167;0,862377955;0,727687229;0,807660579;0,889649826;0,776426726;0,79464737
86,17;0,765985632;0,751234273;0,85871321;0,724308607;0,801778218;0,886536447;0,76960992;0,788602191
86,18;0,758752124;0,744760549;0,855125084;0,720835388;0,795978897;0,883568549;0,762793105;0,782588248
86,19;0,751618212;0,738404866;0,851409258;0,717510828;0,790248788;0,880666128;0,756181975;0,776871105
86,2;0,744596346;0,732086442;0,847712582;0,714226805;0,784518693;0,87780736;0,7501879;0,771692881
86,21;0,737798583;0,726010315;0,844130835;0,710881963;0,778954688;0,874839467;0,7445905;0,766748959
86,22;0,73135564;0,720195133;0,840549089;0,70778037;0,773805896;0,87174063;0,7389931;0,761898761
86,23;0,725192816;0,71449178;0,837178029;0,704820675;0,768864714;0,86874363;0,733381007;0,757072
86,24;0,719266548;0,708937535;0,833947425;0,701860989;0,763951219;0,865702982;0,727886435;0,752229622
86,25;0,713576835;0,703532397;0,830857276;0,698901311;0,75906541;0,862618686;0,722509385;0,747371625
86,26;0,707986731;0,698176962;0,827741584;0,69611733;0,754318006;0,859592584;0,717382087;0,742732313
86,27;0,702346835;0,692871222;0,824625893;0,693468499;0,74975053;0,856755612;0,712328254;0,738296057
86,28;0,696657146;0,687615176;0,821510201;0,690954818;0,745362984;0,854107768;0,707347885;0,734062857
86,29;0,691166655;0,682601427;0,818388134;0,688360045;0,74098237;0,851358082;0,702499741;0,729751546
86,3;0,685993629;0,67777407;0,815246929;0,685542265;0,736352635;0,848477466;0,698026225;0,725346511
86,31;0,680901523;0,673064761;0,812131263;0,682555545;0,731646773;0,845640503;0,693721657;0,721097683
86,32;0,675796978;0,668361664;0,809251818;0,679602624;0,727155437;0,84304358;0,689277524;0,716911338
86,33;0,670679992;0,663664778;0,806608594;0,676683501;0,722878627;0,840686699;0,684693826;0,712787476
86,34;0,665787101;0,659148068;0,80395899;0,673865739;0,718809423;0,838235257;0,680198266;0,708757348
86,35;0,661118305;0,654811533;0,801303008;0,671149337;0,714947825;0,835689256;0,675790846;0,704820954
86,36;0,656524214;0,650574403;0,798519337;0,668541043;0,711183107;0,833070514;0,671559723;0,701072008
86,37;0,652029733;0,646324849;0,795722899;0,665851657;0,707266146;0,83049542;0,667372677;0,697198097
86,38;0,647634861;0,642062872;0,792913694;0,663081179;0,703196942;0,827963974;0,663229708;0,693199221
86,39;0,643171512;0,637981066;0,790117252;0,660101237;0,699044706;0,825497996;0,658888407;0,689098816
86,4;0,638540076;0,633955178;0,787531492;0,657101027;0,694954758;0,82322842;0,654525074;0,685092135
86,41;0,633983338;0,62978019;0,785207505;0,654330558;0,691065492;0,821060686;0,650382114;0,681202606
86,42;0,629557325;0,625605199;0,782953759;0,651729025;0,687356151;0,818907503;0,646415461;0,677430228
86,43;0,625262038;0,621430203;0,780770252;0,649296427;0,683826734;0,816768871;0,642625114;0,673775002
86,44;0,620923166;0,617373252;0,778459053;0,646782733;0,680255802;0,814681165;0,638827414;0,670299415
86,45;0,61654071;0,613434346;0,776020162;0,644187942;0,676643354;0,812644385;0,635022359;0,667003467
86,46;0,612257854;0,609483008;0,773530194;0,641768839;0,673169319;0,810622141;0,631408291;0,663738765
86,47;0,608211554;0,605655923;0,771052993;0,639403794;0,669778333;0,808512602;0,627882376;0,660442817
86,48;0,604401809;0,60195309;0,768588559;0,637092808;0,666470398;0,806315766;0,624444614;0,657115623
86,49;0,600704117;0,598449067;0,766156043;0,634781821;0,663376993;0,80404619;0,620984814;0,653905574
86,5;0,596950397;0,595019599;0,763800142;0,632491103;0,660366619;0,801907558;0,617436851;0,650672099
86,51;0,593165548;0,59165226;0,761386785;0,630234166;0,657293949;0,799841676;0,613852152;0,647501117
86,52;0,589442956;0,588402971;0,758935123;0,628092098;0,654283571;0,797761238;0,610362959;0,644603487
86,53;0,585782621;0,58527173;0,756445154;0,626064897;0,651335485;0,795666244;0,606969274;0,641979211
86,54;0,582147191;0,582146702;0,753929644;0,623943097;0,648325116;0,793563987;0,603641695;0,639300266
86,55;0,578536664;0,579027885;0,75138859;0,621726697;0,645252464;0,791454467;0,600380221;0,636566653
86,56;0,574963482;0,575822094;0,748745375;0,619429214;0,642013722;0,789388585;0,597309733;0,633848658
86,57;0,571477446;0,572641151;0,746127693;0,617145253;0,638761141;0,787322693;0,594342088;0,631052562
86,58;0,568078554;0,569485055;0,743535546;0,614874812;0,635494721;0,785256792;0,591477285;0,628178365
86,59;0,564754367;0,566372437;0,741122169;0,612807101;0,63246359;0,783336381;0,588634525;0,625085483
86,6;0,561336807;0,56325982;0,738842871;0,610840746;0,62968158;0,781546915;0,585703617;0,621805153
86,61;0,557950371;0,560252824;0,736582728;0,608800051;0,626996455;0,779582866;0,582706593;0,61872789
86,62;0,554800491;0,557351449;0,73420766;0,606786386;0,624366698;0,777575178;0,579797719;0,616087996
86,63;0,551887166;0,554555694;0,731717667;0,604799749;0,621792308;0,775523852;0,576976992;0,613885471
86,64;0,549054765;0,551828287;0,7293809;0,602833385;0,61929404;0,773414331;0,574170946;0,611604845
86,65;0,54630329;0,549169225;0,72719736;0,600887295;0,616871894;0,771246616;0,571379578;0,609246118
86,66;0,543638968;0,546634416;0,725026587;0,598954725;0,614449747;0,768991605;0,568676355;0,606949884
86,67;0,540987094;0,544161725;0,722906891;0,596941073;0,612041449;0,766852973;0,565914365;0,604591177
86,68;0,538347668;0,541751152;0,720838272;0,594846337;0,609646997;0,76483072;0,56309361;0,602169998
86,69;0,535621089;0,539197683;0,718884574;0,592636733;0,607176425;0,763128531;0,560250822;0,599709758
86,7;0,532745108;0,536513753;0,717007491;0,590447398;0,604602035;0,761600924;0,557363966;0,597179206
86,71;0,52995628;0,533904386;0,71514318;0,588379687;0,602069162;0,759898735;0,554499154;0,594539302
86,72;0,52714256;0,531425487;0,713138409;0,586230889;0,59951553;0,758021963;0,551766566;0,591930639
86,73;0,524303948;0,529077057;0,710993179;0,584001003;0,596941141;0,755970608;0,549166205;0,589353217
86,74;0,521459103;0,52658573;0,708924564;0,581906254;0,594373671;0,754137493;0,546661331;0,586689885
86,75;0,518608026;0,523951508;0,706932564;0,579946642;0,59181312;0,752522619;0,544251946;0,583940644
86,76;0,515943696;0,521329717;0,705042727;0,578014055;0,589224892;0,750907745;0,541945393;0,581222648
86,77;0,513428768;0,518807331;0,703127347;0,576203097;0,586733544;0,749234667;0,539697606;0,578723348
86,78;0,511063241;0,516384351;0,701186424;0,574513768;0,584339074;0,747503386;0,537508585;0,576442742
86,79;0,508616794;0,513942719;0,699309341;0,572892018;0,582034565;0,74593214;0,535326918;0,574357384
86,8;0,505946244;0,511445168;0,697528037;0,571067557;0,57973007;0,744448201;0,533123218;0,572412604
86,81;0,503319266;0,509084306;0,695702052;0,568986316;0,577432507;0,742804235;0,530772608;0,570350673
86,82;0,501015992;0,506897391;0,69379306;0,567033464;0,575287196;0,741043879;0,528385271;0,568148148
86,83;0,499036423;0,504884423;0,69180106;0,565209003;0,573294137;0,739167136;0,525961206;0,565805029
86,84;0,496882555;0,502765846;0,689649447;0,563289946;0,571058857;0,737312212;0,523625285;0,563579071
86,85;0,494554389;0,500541659;0,687338218;0,561276293;0,568581356;0,735479107;0,521377508;0,561470275
86,86;0,492176415;0,498404447;0,685001456;0,559276153;0,566006967;0,733718742;0,519306018;0,559486445
86,87;0,48979844;0,496267234;0,682677461;0,557478725;0,563557143;0,732016562;0,517410826;0,557611962
86,88;0,487420466;0,494130022;0,680366233;0,555884009;0,561231885;0,730372567;0,515691931;0,555846827
86,89;0,485198133;0,491949334;0,678144387;0,554343347;0,559031192;0,728583087;0,514039155;0,553925489
86,9;0,483050502;0,489712741;0,676209852;0,552701329;0,556913545;0,726837259;0,512232116;0,551816703
86,91;0,480896634;0,487476147;0,674396634;0,55102553;0,554851257;0,725222365;0,510307536;0,549770401
86,92;0,478829916;0,485332743;0,672551503;0,549275399;0,55282357;0,723476533;0,508353578;0,547739711
86,93;0,476850346;0,483282528;0,670674457;0,547450938;0,550830483;0,721599761;0,506370242;0,545724634
86,94;0,474852105;0,481418701;0,668727172;0,545565653;0,548788962;0,719730271;0,504423633;0,543865769
86,95;0,472835191;0,479741259;0,666709647;0,543619544;0,546699006;0,717868064;0,502513752;0,542163116
86,96;0,470718676;0,477964413;0,664679354;0,541808586;0,544705929;0,716093154;0,500677325;0,540632283
86,97;0,468589712;0,476038451;0,662674596;0,540213861;0,542823579;0,714361891;0,498840908;0,539101451
86,98;0,466448301;0,473963373;0,660695372;0,53883537;0,541051956;0,712674276;0,497004501;0,537570618
86,99;0,464375358;0,471950417;0,658703372;0,537396064;0,539266503;0,710884824;0,495197476;0,536047604
87;0,462321088;0,470105216;0,656902917;0,53565269;0,53748105;0,709073538;0,49321414;0,534266845
87,01;0,460304174;0,468266235;0,655294007;0,533855262;0,535750952;0,707371359;0,491127962;0,53223615
87,02;0,458212559;0,466228436;0,653780863;0,532105136;0,533910131;0,705931063;0,489159319;0,530260134
87,03;0,456046244;0,463991818;0,652363485;0,530402312;0,531958588;0,70475265;0,487308213;0,528338797
87,04;0,453935957;0,461904316;0,65075457;0,528577859;0,529882479;0,703319637;0,485427719;0,526487746
87,05;0,451881699;0,45996593;0,64895412;0,526631777;0,527681805;0,701632022;0,483517838;0,524706982
87,06;0,449839888;0,458064823;0,646962137;0,524861374;0,525674889;0,699915315;0,481754876;0,523129285
87,07;0,447947472;0,456300401;0,64494462;0,523090962;0,523751014;0,698067673;0,480006602;0,521520351
87,08;0,44620445;0,454672662;0,642901568;0,521320541;0,52191018;0,696089097;0,478273018;0,519880181
87,09;0,444430299;0,452976582;0,640890431;0,51939471;0,519834062;0,694103243;0,476554128;0,517958844
87,1;0,442376028;0,451019556;0,638917582;0,517529711;0,517695657;0,692401082;0,47479117;0,516037506
87,11;0,44017236;0,448981765;0,637027728;0,515772829;0,51571641;0,69088805;0,472969442;0,514397346
87,12;0,438055837;0,44693155;0,635176192;0,514069996;0,513723324;0,689389564;0,471294624;0,512788433
87,13;0,436026459;0,444868912;0,633362974;0,512421213;0,511716399;0,687905625;0,469766715;0,511210766
87,14;0,434233635;0,442893251;0,631581682;0,510779195;0,509661039;0,686356213;0,468246155;0,509289444
87,15;0,432440825;0,44101078;0,629762077;0,50909664;0,507584921;0,684763149;0,466659495;0,507227528
87,16;0,430486168;0,439196646;0,627821162;0,507353261;0,505494965;0,683104617;0,464999385;0,505321809
87,17;0,428519054;0,437531621;0,625880248;0,505542312;0,503501897;0,681358799;0,463177666;0,503478573
87,18;0,426539485;0,436015703;0,623939334;0,503663792;0,501605717;0,679525694;0,46119434;0,501697819
87,19;0,424503887;0,434450083;0,621966497;0,501900149;0,499737219;0,67767077;0,45918897;0,49996393
87,2;0,422580346;0,432642165;0,619936209;0,500379756;0,497827192;0,675772207;0,457403965;0,498253468
87,21;0,420837332;0,430703779;0,617957002;0,498947197;0,495972519;0,673968213;0,455743835;0,496582051
87,22;0,41903206;0,428839943;0,615977786;0,497352463;0,494034805;0,672353349;0,453966174;0,494926253
87,23;0,417164532;0,427050657;0,613998562;0,495595555;0,492014051;0,670927613;0,452070982;0,493286073
87,24;0,415427726;0,425540943;0,612044864;0,493629173;0,489917175;0,669356382;0,450131713;0,491575611
87,25;0,413952379;0,424143054;0,610206082;0,491764161;0,488048664;0,667545082;0,448346707;0,48977144
87,26;0,412433471;0,422577417;0,60839284;0,490182967;0,486332395;0,665813791;0,446818808;0,488021943
87,27;0,410727818;0,42097451;0,60652852;0,488628805;0,48458844;0,664198898;0,445349674;0,486475513
87,28;0,408835418;0,419334332;0,604613123;0,487101678;0,482816799;0,662700403;0,443939306;0,485132148
87,29;0,407042619;0,417861901;0,602755191;0,485378585;0,481052077;0,661020061;0,442264483;0,483702874
87,3;0,405473923;0,416482659;0,600935573;0,483513586;0,479162794;0,659143318;0,440435396;0,482039297
87,31;0,403774497;0,414898391;0,59903934;0,481810763;0,477335799;0,657441157;0,438760573;0,480539726
87,32;0,401919442;0,41312152;0,597200562;0,480256601;0,475716418;0,655971773;0,437188587;0,479118241
87,33;0,40020134;0,411481334;0,595489482;0,478567299;0,474013998;0,654429649;0,435557836;0,477431206
87,34;0,398620192;0,409977832;0,593906097;0,476742855;0,472228536;0,652814784;0,433868319;0,475478622
87,35;0,397163541;0,408579955;0,592335489;0,474877869;0,470339266;0,651134443;0,432171462;0,473486988
87,36;0,395644634;0,407039182;0,590662726;0,473026401;0,468401553;0,649475911;0,430584797;0,471628123
87,37;0,39405103;0,405448698;0,588964429;0,471174932;0,466519203;0,647788287;0,428983443;0,469831741
87,38;0,392382728;0,403808503;0,587240598;0,469323463;0,464692216;0,64607157;0,4273674;0,468097842
87,39;0,390851377;0,40233606;0,585593386;0,467681458;0,463114356;0,644303937;0,425736658;0,466504531
87,4;0,389469415;0,401012737;0,583869559;0,466059709;0,461536496;0,642339888;0,424172017;0,465192393
87,41;0,388087445;0,399645927;0,582132961;0,464329834;0,459820237;0,640419478;0,422570643;0,464052085
87,42;0,38658097;0,39813001;0,580498517;0,462667529;0,458117816;0,638848233;0,420910504;0,462693093
87,43;0,384949989;0,396464984;0,578966226;0,461072796;0,456429234;0,637626153;0,4191916;0,461115416
87,44;0,38306378;0,394712973;0,577319014;0,459451046;0,454685283;0,636491365;0,417582877;0,4593581
87,45;0,381065526;0,392942314;0,575441957;0,457809041;0,45283753;0,635269285;0,416216567;0,457811659
87,46;0,379148206;0,391252417;0,57353936;0,456160276;0,451010543;0,633901725;0,414850266;0,456468295
87,47;0,37730559;0,389587375;0,571751685;0,454511501;0,449280445;0,632417786;0,41341051;0,455187413
87,48;0,375537679;0,387947189;0,570078931;0,452862718;0,447647235;0,630817467;0,4118973;0,453969015
87,49;0,373838242;0,386213825;0,568355104;0,451159881;0,445903298;0,629224417;0,410464889;0,45258658
87,5;0,372306878;0,384592298;0,56651636;0,449436775;0,444138604;0,627434951;0,409076545;0,451016696
87,51;0,370937364;0,383126083;0,564690384;0,447936655;0,442629969;0,625572744;0,407666167;0,449532738
87,52;0,369493146;0,381610157;0,562941018;0,446558163;0,44123206;0,623986962;0,406167646;0,448173746
87,53;0,367974222;0,380044521;0,561268264;0,445301301;0,439944879;0,622677605;0,404580981;0,446939719
87,54;0,366237428;0,378385699;0,559659354;0,443943082;0,438636927;0,621390068;0,40301634;0,445768175
87,55;0,364500645;0,376801443;0,558088757;0,442361883;0,437287445;0,619818823;0,401495766;0,444620058
87,56;0,362956842;0,375360083;0,556582009;0,440605001;0,435848003;0,618116633;0,399865014;0,443370402
87,57;0,361413038;0,373906292;0,555113563;0,438780548;0,434353197;0,61650174;0,398116741;0,441902052
87,58;0,359869235;0,372440069;0,553683418;0,436888525;0,432803028;0,614974143;0,396250946;0,440215007
87,59;0,35811378;0,370837165;0,552093658;0,435003257;0,431100607;0,613577495;0,394487989;0,438598254
87,6;0,356376998;0,369215639;0,550254902;0,433178796;0,429252854;0,612093556;0,39287928;0,437075241
87,61;0,354770937;0,367674882;0,548352297;0,431435417;0,427467383;0,610507765;0,391292606;0,435466328
87,62;0,353027923;0,366022288;0,546526304;0,429827189;0,425737276;0,609067454;0,38985284;0,434029244
87,63;0,351147955;0,364257857;0,544776922;0,42835411;0,424062532;0,607772625;0,388559985;0,432763991
87,64;0,349205742;0,362375386;0,543167999;0,426975637;0,422484672;0,606594184;0,38732589;0,43161589
